USE VIDEO ;
-- VIDEO_TYPE
INSERT INTO TB_CODE ( CODE_ID , CODE_NM ) VALUES ( 'CODE_00201' , 'HEAD' );
INSERT INTO TB_CODE ( CODE_ID , CODE_NM ) VALUES ( 'CODE_00202' , 'BODY' );
INSERT INTO TB_CODE ( CODE_ID , CODE_NM ) VALUES ( 'CODE_00203' , 'RECOMMAND' );

INSERT INTO TB_CODE ( CODE_ID , CODE_NM ) VALUES ( 'CODE_00001' , 'SINGLE' );
INSERT INTO TB_CODE ( CODE_ID , CODE_NM ) VALUES ( 'CODE_00002' , 'SERIES' );

INSERT INTO TB_VIDEO ( VIDEO_ID , PARENT_VIDEO_ID , VIDEO_TYPE_CODE , VIDEO_NM , VIDEO_EXPLAIN , VIDEO_ACTOR , VIDEO_PATH  
) VALUES ( 'VIDEO_00001' , NULL , 'CODE_00001' , '인터스텔라' , '인터스텔라' ,'김정진' , '' ) ;

INSERT INTO TB_VIDEO ( VIDEO_ID , PARENT_VIDEO_ID , VIDEO_TYPE_CODE , VIDEO_NM , VIDEO_EXPLAIN , VIDEO_ACTOR , VIDEO_PATH ) 
VALUES ( 'VIDEO_00002' , NULL , 'CODE_00001' , '어벤져스' , '어벤져스' ,'아이언맨' , '' ) ;

INSERT INTO TB_VIDEO ( VIDEO_ID , PARENT_VIDEO_ID , VIDEO_TYPE_CODE , VIDEO_NM , VIDEO_EXPLAIN , VIDEO_ACTOR , VIDEO_PATH  
) VALUES ( 'VIDEO_00003' , NULL , 'CODE_00001' , 'Animation1' , 'Animation1' ,'Actor1' , '' ) ;

INSERT INTO TB_VIDEO ( VIDEO_ID , PARENT_VIDEO_ID , VIDEO_TYPE_CODE , VIDEO_NM , VIDEO_EXPLAIN , VIDEO_ACTOR , VIDEO_PATH  
) VALUES ( 'VIDEO_00004' , NULL , 'CODE_00001' , 'Animation2' , 'Animation2' ,'Actor2' , '' ) ;

INSERT INTO TB_VIDEO ( VIDEO_ID , PARENT_VIDEO_ID , VIDEO_TYPE_CODE , VIDEO_NM , VIDEO_EXPLAIN , VIDEO_ACTOR , VIDEO_PATH  
) VALUES ( 'VIDEO_00005' , NULL , 'CODE_00001' , '예능1' , '예능1' ,'예능1' , '' ) ;

INSERT INTO TB_VIDEO ( VIDEO_ID , PARENT_VIDEO_ID , VIDEO_TYPE_CODE , VIDEO_NM , VIDEO_EXPLAIN , VIDEO_ACTOR , VIDEO_PATH  
) VALUES ( 'VIDEO_00006' , NULL , 'CODE_00001' , '예능2' , '예능2' ,'예능2' , '' ) ;

INSERT INTO TB_VIDEO ( VIDEO_ID , PARENT_VIDEO_ID , VIDEO_TYPE_CODE , VIDEO_NM , VIDEO_EXPLAIN , VIDEO_ACTOR , VIDEO_PATH  
) VALUES ( 'VIDEO_00007' , NULL , 'CODE_00001' , '데드풀' , '데드풀' ,'데드풀' , '' ) ;

INSERT INTO TB_VIDEO ( VIDEO_ID , PARENT_VIDEO_ID , VIDEO_TYPE_CODE , VIDEO_NM , VIDEO_EXPLAIN , VIDEO_ACTOR , VIDEO_PATH  
) VALUES ( 'VIDEO_00008' , NULL , 'CODE_00001' , '아는형님' , '아는형님' ,'아는형님' , '' ) ;


-- VIDEO_GENRE
INSERT INTO TB_CODE ( CODE_ID , CODE_NM ) VALUES ( 'CODE_00101' , 'SF' );
INSERT INTO TB_CODE ( CODE_ID , CODE_NM ) VALUES ( 'CODE_00102' , '우주' );
INSERT INTO TB_CODE ( CODE_ID , CODE_NM ) VALUES ( 'CODE_00103' , '에니' );
INSERT INTO TB_CODE ( CODE_ID , CODE_NM ) VALUES ( 'CODE_00104' , 'HERO' );
INSERT INTO TB_CODE ( CODE_ID , CODE_NM ) VALUES ( 'CODE_00105' , '예능' );


INSERT INTO TB_VIDEO_GENRE (VIDEO_ID, GENRE_CODE) VALUES ( 'VIDEO_00001','CODE_00101' );
INSERT INTO TB_VIDEO_GENRE (VIDEO_ID, GENRE_CODE) VALUES ( 'VIDEO_00001','CODE_00102' );
INSERT INTO TB_VIDEO_GENRE (VIDEO_ID, GENRE_CODE) VALUES ( 'VIDEO_00002','CODE_00101' );
INSERT INTO TB_VIDEO_GENRE (VIDEO_ID, GENRE_CODE) VALUES ( 'VIDEO_00003','CODE_00103' );
INSERT INTO TB_VIDEO_GENRE (VIDEO_ID, GENRE_CODE) VALUES ( 'VIDEO_00004','CODE_00103' );
INSERT INTO TB_VIDEO_GENRE (VIDEO_ID, GENRE_CODE) VALUES ( 'VIDEO_00005','CODE_00105' );
INSERT INTO TB_VIDEO_GENRE (VIDEO_ID, GENRE_CODE) VALUES ( 'VIDEO_00006','CODE_00105' );
INSERT INTO TB_VIDEO_GENRE (VIDEO_ID, GENRE_CODE) VALUES ( 'VIDEO_00007','CODE_00102' );
INSERT INTO TB_VIDEO_GENRE (VIDEO_ID, GENRE_CODE) VALUES ( 'VIDEO_00007','CODE_00104' );
INSERT INTO TB_VIDEO_GENRE (VIDEO_ID, GENRE_CODE) VALUES ( 'VIDEO_00008','CODE_00105' );


INSERT INTO TB_CONTENT (CONTENT_ID , PARENT_CONTENT_ID , VIDEO_ID , CONTENT_NM , CONTENT_TYPE , SORT_SN ) 
VALUES ( 'CONTENT_00001' , NULL , NULL , 'Today SF' , 'CODE_00202' , 2 );
INSERT INTO TB_CONTENT (CONTENT_ID , PARENT_CONTENT_ID , VIDEO_ID , CONTENT_NM , CONTENT_TYPE , SORT_SN ) 
VALUES ( 'CONTENT_00002' , 'CONTENT_00001' , 'VIDEO_00001' , NULL , 'CODE_00202' , 1 );
INSERT INTO TB_CONTENT (CONTENT_ID , PARENT_CONTENT_ID , VIDEO_ID , CONTENT_NM , CONTENT_TYPE , SORT_SN ) 
VALUES ( 'CONTENT_00003' , 'CONTENT_00001' , 'VIDEO_00002' , NULL , 'CODE_00202' ,  2 );

INSERT INTO TB_CONTENT (CONTENT_ID , PARENT_CONTENT_ID , VIDEO_ID , CONTENT_NM , CONTENT_TYPE , SORT_SN ) 
VALUES ( 'CONTENT_00004' , NULL , NULL , 'Today Animation' , 'CODE_00202' ,  1 );
INSERT INTO TB_CONTENT (CONTENT_ID , PARENT_CONTENT_ID , VIDEO_ID , CONTENT_NM , CONTENT_TYPE , SORT_SN ) 
VALUES ( 'CONTENT_00005' , 'CONTENT_00004' , 'VIDEO_00003' , NULL , 'CODE_00202' ,  2 );
INSERT INTO TB_CONTENT (CONTENT_ID , PARENT_CONTENT_ID , VIDEO_ID , CONTENT_NM , CONTENT_TYPE , SORT_SN ) 
VALUES ( 'CONTENT_00006' , 'CONTENT_00004' , 'VIDEO_00004' , NULL , 'CODE_00202' ,  1 );


INSERT INTO TB_CONTENT (CONTENT_ID , PARENT_CONTENT_ID , VIDEO_ID , CONTENT_NM , CONTENT_TYPE , SORT_SN ) 
VALUES ( 'CONTENT_00007' , NULL , NULL , 'Today Head' , 'CODE_00201' ,  1 );
INSERT INTO TB_CONTENT (CONTENT_ID , PARENT_CONTENT_ID , VIDEO_ID , CONTENT_NM , CONTENT_TYPE , SORT_SN ) 
VALUES ( 'CONTENT_00008' , 'CONTENT_00007' , 'VIDEO_00005' , NULL , 'CODE_00201' ,  2 );
INSERT INTO TB_CONTENT (CONTENT_ID , PARENT_CONTENT_ID , VIDEO_ID , CONTENT_NM , CONTENT_TYPE , SORT_SN ) 
VALUES ( 'CONTENT_00009' , 'CONTENT_00007' , 'VIDEO_00006' , NULL , 'CODE_00201' ,  1 );

INSERT INTO TB_CONTENT (CONTENT_ID , PARENT_CONTENT_ID , VIDEO_ID , CONTENT_NM , CONTENT_TYPE , SORT_SN ) 
VALUES ( 'CONTENT_00010' , NULL , NULL , 'Today Recommand' , 'CODE_00203' ,  1 );
INSERT INTO TB_CONTENT (CONTENT_ID , PARENT_CONTENT_ID , VIDEO_ID , CONTENT_NM , CONTENT_TYPE , SORT_SN ) 
VALUES ( 'CONTENT_00011' , 'CONTENT_00010' , 'VIDEO_00007' , NULL , 'CODE_00203' ,  1 );
INSERT INTO TB_CONTENT (CONTENT_ID , PARENT_CONTENT_ID , VIDEO_ID , CONTENT_NM , CONTENT_TYPE , SORT_SN ) 
VALUES ( 'CONTENT_00012' , 'CONTENT_00010' , 'VIDEO_00008' , NULL , 'CODE_00203' ,  2 );

INSERT INTO TB_MY_RECENT_VIDEO ( USER_ID , VIDEO_ID ) VALUES ( 'kingroma' , 'VIDEO_00007' );
INSERT INTO TB_MY_RECENT_VIDEO ( USER_ID , VIDEO_ID ) VALUES ( 'kingroma' , 'VIDEO_00001' );